cluster,avg_salary,job_count,avg_skills,industry_count,location_count,salary_score,demand_score,accessibility_score,industry_score,geographic_score,opportunity_index
1,116636.60916695866,22832,3.9928608969866852,16,124,10.653735976795762,100.0,100.0,100.0,67.74193548387096,69.97031434142582
2,115864.70305058567,7769,4.005406101171322,16,103,0.0,29.720524424952178,98.03019250172072,100.0,0.0,42.03616960658219
0,123110.10614724804,1399,4.629735525375268,7,134,100.0,0.0,0.0,0.0,100.0,40.0
